 1880.0000, -188.8939,    9.8796,    0.0000,    0.0000
 1881.0000, -172.0855,    6.9859,    0.0000,    0.0000
 1882.0000, -184.5189,    6.8296,    0.0000,    0.0000
 1883.0000, -197.4022,    6.5962,    0.0000,    0.0000
 1884.0000, -170.8355,    6.4952,    0.0000,    0.0000
 1885.0000, -170.5772,    6.3725,    0.0000,    0.0000
 1886.0000, -166.9189,    6.1632,    0.0000,    0.0000
 1887.0000, -178.1772,    5.9996,    0.0000,    0.0000
 1888.0000, -174.4605,    6.0044,    0.0000,    0.0000
 1889.0000, -170.2022,    5.9948,    0.0000,    0.0000
 1890.0000, -170.7272,    5.9756,    0.0000,    0.0000
 1891.0000, -175.7855,    5.9756,    0.0000,    0.0000
 1892.0000, -166.3189,    5.9756,    0.0000,    0.0000
 1893.0000, -168.9022,    5.9034,    0.0000,    0.0000
 1894.0000, -168.8689,    6.0670,    0.0000,    0.0000
 1895.0000, -169.5605,    6.2354,    0.0000,    0.0000
 1896.0000, -166.1355,    6.2137,    0.0000,    0.0000
 1897.0000, -166.2939,    6.0117,    0.0000,    0.0000
 1898.0000, -159.6439,    5.8577,    0.0000,    0.0000
 1899.0000, -153.3689,    5.6436,    0.0000,    0.0000
 1900.0000, -148.5939,    5.4415,    0.0000,    0.0000
 1901.0000, -155.4855,    5.1962,    0.0000,    0.0000
 1902.0000, -150.1939,    5.0254,    0.0000,    0.0000
 1903.0000, -142.9439,    4.9508,    0.0000,    0.0000
 1904.0000, -145.6439,    4.9027,    0.0000,    0.0000
 1905.0000, -157.9855,    4.6477,    0.0000,    0.0000
 1906.0000, -151.9522,    4.3446,    0.0000,    0.0000
 1907.0000, -148.6522,    4.2772,    0.0000,    0.0000
 1908.0000, -153.7689,    4.2435,    0.0000,    0.0000
 1909.0000, -151.5855,    4.1425,    0.0000,    0.0000
 1910.0000, -150.4022,    4.3013,    0.0000,    0.0000
 1911.0000, -146.9939,    4.1232,    0.0000,    0.0000
 1912.0000, -142.0189,    4.0631,    0.0000,    0.0000
 1913.0000, -144.1605,    4.0872,    0.0000,    0.0000
 1914.0000, -138.5022,    4.0390,    0.0000,    0.0000
 1915.0000, -126.6189,    3.9404,    0.0000,    0.0000
 1916.0000, -131.7689,    3.8394,    0.0000,    0.0000
 1917.0000, -133.7939,    3.7287,    0.0000,    0.0000
 1918.0000, -135.8439,    3.6806,    0.0000,    0.0000
 1919.0000, -136.9439,    3.6614,    0.0000,    0.0000
 1920.0000, -133.0439,    3.7119,    0.0000,    0.0000
 1921.0000, -130.0772,    3.7744,    0.0000,    0.0000
 1922.0000, -132.3689,    3.7840,    0.0000,    0.0000
 1923.0000, -130.6772,    3.7792,    0.0000,    0.0000
 1924.0000, -136.0105,    3.7432,    0.0000,    0.0000
 1925.0000, -137.8189,    3.8682,    0.0000,    0.0000
 1926.0000, -135.3272,    3.9741,    0.0000,    0.0000
 1927.0000, -127.7022,    3.8634,    0.0000,    0.0000
 1928.0000, -133.5189,    3.6012,    0.0000,    0.0000
 1929.0000, -134.4522,    3.5411,    0.0000,    0.0000
 1930.0000, -132.9272,    3.4713,    0.0000,    0.0000
 1931.0000, -127.3355,    3.4858,    0.0000,    0.0000
 1932.0000, -127.1355,    3.4785,    0.0000,    0.0000
 1933.0000, -119.9272,    3.4184,    0.0000,    0.0000
 1934.0000, -122.6855,    3.4088,    0.0000,    0.0000
 1935.0000, -122.3022,    3.4304,    0.0000,    0.0000
 1936.0000, -122.6355,    3.3967,    0.0000,    0.0000
 1937.0000, -121.2855,    3.4112,    0.0000,    0.0000
 1938.0000, -114.8439,    3.3919,    0.0000,    0.0000
 1939.0000, -114.2772,    3.4930,    0.0000,    0.0000
 1940.0000, -112.8272,    3.3366,    0.0000,    0.0000
 1941.0000, -109.0939,    3.1562,    0.0000,    0.0000
 1942.0000, -104.6605,    3.1225,    0.0000,    0.0000
 1943.0000,  -98.5855,    3.1153,    0.0000,    0.0000
 1944.0000, -106.3355,    3.1081,    0.0000,    0.0000
 1945.0000, -110.1772,    3.0600,    0.0000,    0.0000
 1946.0000, -103.1939,    3.1249,    0.0000,    0.0000
 1947.0000, -100.7105,    2.9036,    0.0000,    0.0000
 1948.0000,  -90.6605,    2.7135,    0.0000,    0.0000
 1949.0000,  -91.0355,    2.5860,    0.0000,    0.0000
 1950.0000,  -93.2105,    2.3238,    0.0000,    0.0000
 1951.0000,  -82.9272,    2.2613,    0.0000,    0.0000
 1952.0000,  -85.1855,    2.2228,    0.0000,    0.0000
 1953.0000,  -79.0355,    2.1819,    0.0000,    0.0000
 1954.0000,  -81.4022,    2.1338,    0.0000,    0.0000
 1955.0000,  -80.2439,    2.0809,    0.0000,    0.0000
 1956.0000,  -83.3022,    2.0448,    0.0000,    0.0000
 1957.0000,  -81.3772,    2.0400,    0.0000,    0.0000
 1958.0000,  -72.6189,    1.9486,    0.0000,    0.0000
 1959.0000,  -70.8272,    1.8908,    0.0000,    0.0000
 1960.0000,  -68.9605,    1.8956,    0.0000,    0.0000
 1961.0000,  -62.4022,    1.9053,    0.0000,    0.0000
 1962.0000,  -66.0189,    1.9125,    0.0000,    0.0000
 1963.0000,  -65.4272,    1.9125,    0.0000,    0.0000
 1964.0000,  -75.2939,    1.9125,    0.0000,    0.0000
 1965.0000,  -69.1522,    1.9365,    0.0000,    0.0000
 1966.0000,  -65.7022,    1.8884,    0.0000,    0.0000
 1967.0000,  -72.0355,    1.8956,    0.0000,    0.0000
 1968.0000,  -68.3939,    1.9077,    0.0000,    0.0000
 1969.0000,  -62.0272,    1.9774,    0.0000,    0.0000
 1970.0000,  -62.2189,    2.0135,    0.0000,    0.0000
 1971.0000,  -59.9855,    2.0111,    0.0000,    0.0000
 1972.0000,  -53.9939,    2.0015,    0.0000,    0.0000
 1973.0000,  -52.3105,    1.9895,    0.0000,    0.0000
 1974.0000,  -46.6105,    1.9630,    0.0000,    0.0000
 1975.0000,  -44.6105,    1.9558,    0.0000,    0.0000
 1976.0000,  -45.5522,    1.9534,    0.0000,    0.0000
 1977.0000,  -46.4272,    1.9389,    0.0000,    0.0000
 1978.0000,  -41.9105,    1.8980,    0.0000,    0.0000
 1979.0000,  -46.6355,    1.9341,    0.0000,    0.0000
 1980.0000,  -39.9939,    1.8932,    0.0000,    0.0000
 1981.0000,  -34.1439,    1.8980,    0.0000,    0.0000
 1982.0000,  -30.5605,    1.8475,    0.0000,    0.0000
 1983.0000,  -25.6022,    1.8427,    0.0000,    0.0000
 1984.0000,  -27.6939,    1.8547,    0.0000,    0.0000
 1985.0000,  -29.6939,    1.8114,    0.0000,    0.0000
 1986.0000,  -35.2772,    1.8187,    0.0000,    0.0000
 1987.0000,  -35.0522,    1.8066,    0.0000,    0.0000
 1988.0000,  -33.4189,    1.8090,    0.0000,    0.0000
 1989.0000,  -27.8189,    1.8235,    0.0000,    0.0000
 1990.0000,  -24.5355,    1.8595,    0.0000,    0.0000
 1991.0000,  -20.9105,    1.8764,    0.0000,    0.0000
 1992.0000,  -19.7689,    1.8908,    0.0000,    0.0000
 1993.0000,  -18.7689,    1.8980,    0.0000,    0.0000
 1994.0000,  -21.8022,    1.8980,    0.0000,    0.0000
 1995.0000,  -14.8939,    1.8956,    0.0000,    0.0000
 1996.0000,  -12.3189,    1.8908,    0.0000,    0.0000
 1997.0000,   -4.4022,    1.9101,    0.0000,    0.0000
 1998.0000,   -7.3022,    1.9365,    0.0000,    0.0000
 1999.0000,   -8.8272,    1.9606,    0.0000,    0.0000
 2000.0000,   -3.0272,    1.9822,    0.0000,    0.0000
 2001.0000,   -0.1939,    1.9510,    0.0000,    0.0000
 2002.0000,    3.1645,    1.9534,    0.0000,    0.0000
 2003.0000,    9.1811,    1.9606,    0.0000,    0.0000
 2004.0000,   16.0728,    2.0111,    0.0000,    0.0000
 2005.0000,   14.5311,    1.9870,    0.0000,    0.0000
 2006.0000,   15.9311,    1.9630,    0.0000,    0.0000
 2007.0000,   17.5978,    2.0159,    0.0000,    0.0000
 2008.0000,   27.6895,    1.9991,    0.0000,    0.0000
 2009.0000,   28.0478,    1.9798,    0.0000,    0.0000
 2010.0000,   41.4561,    2.0135,    0.0000,    0.0000
 2011.0000,   45.6395,    2.1121,    0.0000,    0.0000
 2012.0000,   45.6478,    2.2733,    0.0000,    0.0000
 2013.0000,   51.0811,    2.4922,    0.0000,    0.0000
 1912.0000, -384.7118,   26.4722,    1.0000,    1.0000
 1913.0000, -386.3285,   27.0340,    1.0000,    1.0000
 1914.0000, -335.7452,   20.5037,    1.0000,    1.0000
 1915.0000, -309.9118,   12.5858,    1.0000,    1.0000
 1916.0000, -323.7452,   19.2707,    1.0000,    1.0000
 1917.0000, -346.0785,   21.1160,    1.0000,    1.0000
 1918.0000, -322.8285,   17.0006,    1.0000,    1.0000
 1919.0000, -309.4952,   16.2478,    1.0000,    1.0000
 1920.0000, -277.0785,   24.5608,    1.0000,    1.0000
 1921.0000, -271.7452,   15.2760,    1.0000,    1.0000
 1923.0000, -362.3404,    8.5377,    1.0000,    1.0000
 1924.0000, -310.4118,   22.6239,    1.0000,    1.0000
 1925.0000, -344.8285,   20.4947,    1.0000,    1.0000
 1926.0000, -370.9118,   22.7159,    1.0000,    1.0000
 1927.0000, -298.4118,   18.4904,    1.0000,    1.0000
 1928.0000, -318.8285,   25.2313,    1.0000,    1.0000
 1929.0000, -330.3285,   26.5509,    1.0000,    1.0000
 1930.0000, -348.2452,   14.8970,    1.0000,    1.0000
 1931.0000, -283.4118,   21.8919,    1.0000,    1.0000
 1932.0000, -284.1618,   19.8904,    1.0000,    1.0000
 1933.0000, -256.8285,   19.7053,    1.0000,    1.0000
 1934.0000, -276.3285,   27.7740,    1.0000,    1.0000
 1935.0000, -279.3285,   21.8456,    1.0000,    1.0000
 1936.0000, -259.1618,   23.0609,    1.0000,    1.0000
 1937.0000, -244.4952,   15.8795,    1.0000,    1.0000
 1938.0000, -236.9952,   11.0601,    1.0000,    1.0000
 1939.0000, -240.9952,   17.2500,    1.0000,    1.0000
 1940.0000, -215.8285,   21.6386,    1.0000,    1.0000
 1941.0000, -222.7452,   18.3734,    1.0000,    1.0000
 1942.0000, -243.3285,   14.5604,    1.0000,    1.0000
 1943.0000, -237.3285,   23.2007,    1.0000,    1.0000
 1944.0000, -217.5785,   23.9636,    1.0000,    1.0000
 1945.0000, -208.2452,   26.9728,    1.0000,    1.0000
 1946.0000, -181.9952,   20.0719,    1.0000,    1.0000
 1947.0000, -203.7452,   23.6384,    1.0000,    1.0000
 1948.0000, -198.1618,   21.0057,    1.0000,    1.0000
 1949.0000, -196.5785,   22.8407,    1.0000,    1.0000
 1950.0000, -260.4118,   26.2574,    1.0000,    1.0000
 1951.0000, -186.4952,   21.0306,    1.0000,    1.0000
 1952.0000, -198.5785,   17.5378,    1.0000,    1.0000
 1953.0000, -206.8285,   17.2379,    1.0000,    1.0000
 1954.0000, -207.9118,   24.7164,    1.0000,    1.0000
 1955.0000, -216.9118,   19.9506,    1.0000,    1.0000
 1956.0000, -181.5785,   21.0279,    1.0000,    1.0000
 1957.0000, -190.4952,   26.8164,    1.0000,    1.0000
 1958.0000, -174.6618,   19.5452,    1.0000,    1.0000
 1959.0000, -219.1618,   25.3133,    1.0000,    1.0000
 1960.0000, -161.4952,   13.6140,    1.0000,    1.0000
 1961.0000, -197.3285,   23.2873,    1.0000,    1.0000
 1962.0000, -112.6896,   40.3438,    1.0000,    1.0000
 1963.0000, -158.6618,   21.7952,    1.0000,    1.0000
 1964.0000, -178.4118,   21.2111,    1.0000,    1.0000
 1965.0000, -158.0937,   13.3892,    1.0000,    1.0000
 1966.0000, -196.9118,   12.3665,    1.0000,    1.0000
 1967.0000, -168.2452,   14.4069,    1.0000,    1.0000
 1968.0000, -147.4118,   16.8451,    1.0000,    1.0000
 1969.0000, -134.5785,   19.8761,    1.0000,    1.0000
 1970.0000,  -38.9118,   10.5981,    1.0000,    1.0000
 1972.0000,  -95.6618,   20.6889,    1.0000,    1.0000
 1973.0000,  -40.5785,   12.8816,    1.0000,    1.0000
 1974.0000,  -89.2452,   21.0461,    1.0000,    1.0000
 1975.0000, -100.3664,   15.2475,    1.0000,    1.0000
 1976.0000, -127.9952,   23.2377,    1.0000,    1.0000
 1977.0000, -160.3118,   28.4806,    1.0000,    1.0000
 1978.0000, -125.6618,   14.2347,    1.0000,    1.0000
 1979.0000, -116.1618,   19.5452,    1.0000,    1.0000
 1980.0000, -123.6618,   16.1680,    1.0000,    1.0000
 1981.0000, -166.6618,   21.5919,    1.0000,    1.0000
 1982.0000, -113.2452,   29.4067,    1.0000,    1.0000
 1983.0000,  -32.3285,   17.0495,    1.0000,    1.0000
 1984.0000,  -51.7452,   18.1593,    1.0000,    1.0000
 1985.0000,  -87.0785,   24.7521,    1.0000,    1.0000
 1987.0000,  -37.5785,   27.0849,    1.0000,    1.0000
 1988.0000,  -58.8285,   21.0441,    1.0000,    1.0000
 1989.0000, -108.7452,   14.8197,    1.0000,    1.0000
 1990.0000, -106.5785,   26.7922,    1.0000,    1.0000
 1991.0000,  -41.5785,   31.5935,    1.0000,    1.0000
 1992.0000,  -18.7118,   17.8341,    1.0000,    1.0000
 1993.0000,   21.3382,   10.7627,    1.0000,    1.0000
 1994.0000,  -22.2452,   19.3252,    1.0000,    1.0000
 1995.0000, -135.6261,   39.5891,    1.0000,    1.0000
 1996.0000,   -6.5785,   16.2504,    1.0000,    1.0000
 1997.0000,   34.0882,   24.2143,    1.0000,    1.0000
 1998.0000,   56.6715,   16.4720,    1.0000,    1.0000
 1999.0000,   29.0882,   14.8943,    1.0000,    1.0000
 2000.0000,  -41.0118,   25.5931,    1.0000,    1.0000
 2001.0000,  -12.6391,   26.0153,    1.0000,    1.0000
 2002.0000,   16.9215,   22.3910,    1.0000,    1.0000
 2003.0000,   -1.4118,   26.9685,    1.0000,    1.0000
 2004.0000,  -24.5785,   22.4599,    1.0000,    1.0000
 2005.0000,   66.0048,   16.6343,    1.0000,    1.0000
 2006.0000,   25.6715,   22.9157,    1.0000,    1.0000
 2007.0000,    2.1715,   34.3975,    1.0000,    1.0000
 2008.0000,   36.0882,   20.3675,    1.0000,    1.0000
 2009.0000,   16.3382,   27.2356,    1.0000,    1.0000
 2010.0000,  114.1715,   19.0093,    1.0000,    1.0000
 2011.0000,   89.3882,   23.8030,    1.0000,    1.0000
 2012.0000,   80.5048,   25.0650,    1.0000,    1.0000
 2013.0000,   60.5048,   22.7240,    1.0000,    1.0000
 2014.0000,   27.9215,   24.9059,    1.0000,    1.0000
 2015.0000,   29.0048,   30.3011,    1.0000,    1.0000
 2016.0000,   76.3382,   17.3970,    1.0000,    1.0000
 2017.0000,   67.2548,   27.7901,    1.0000,    1.0000
 2018.0000,   89.4215,   30.3096,    1.0000,    1.0000
 2019.0000,  104.2548,   21.0089,    1.0000,    1.0000
 2020.0000,  138.4215,   22.7246,    1.0000,    1.0000
 2021.0000,  112.5048,   20.2418,    1.0000,    1.0000
 1933.0000, -275.2154,   27.5247,    1.0000,    2.0000
 1934.0000, -290.5070,   28.8998,    1.0000,    2.0000
 1935.0000, -288.4237,   21.7720,    1.0000,    2.0000
 1936.0000, -263.7570,   22.9239,    1.0000,    2.0000
 1937.0000, -245.7570,   19.1421,    1.0000,    2.0000
 1938.0000, -227.5904,   10.4579,    1.0000,    2.0000
 1939.0000, -233.1737,   17.7026,    1.0000,    2.0000
 1940.0000, -231.8404,   24.9742,    1.0000,    2.0000
 1941.0000, -237.5070,   18.9844,    1.0000,    2.0000
 1942.0000, -252.1737,   16.6702,    1.0000,    2.0000
 1943.0000, -246.8404,   24.1549,    1.0000,    2.0000
 1944.0000, -248.5904,   25.0382,    1.0000,    2.0000
 1945.0000, -231.3404,   26.5911,    1.0000,    2.0000
 1946.0000, -197.0070,   18.7944,    1.0000,    2.0000
 1947.0000, -217.1737,   27.8556,    1.0000,    2.0000
 1948.0000, -188.4237,   23.0523,    1.0000,    2.0000
 1949.0000, -177.2570,   17.4765,    1.0000,    2.0000
 1950.0000, -245.5904,   25.7689,    1.0000,    2.0000
 1951.0000, -165.3404,   19.7783,    1.0000,    2.0000
 1952.0000, -161.4237,   16.2170,    1.0000,    2.0000
 1953.0000, -151.0070,   16.1032,    1.0000,    2.0000
 1954.0000, -163.2570,   21.2792,    1.0000,    2.0000
 1955.0000, -166.6737,   20.3738,    1.0000,    2.0000
 1956.0000, -146.5070,   22.3794,    1.0000,    2.0000
 1957.0000, -151.3404,   23.0588,    1.0000,    2.0000
 1958.0000, -134.1737,   18.6221,    1.0000,    2.0000
 1959.0000, -175.7570,   27.5140,    1.0000,    2.0000
 1960.0000, -123.3404,   14.8306,    1.0000,    2.0000
 1961.0000, -116.4237,   22.5648,    1.0000,    2.0000
 1962.0000, -127.9237,   21.6839,    1.0000,    2.0000
 1963.0000, -156.3404,   23.1925,    1.0000,    2.0000
 1964.0000, -177.2722,   20.1457,    1.0000,    2.0000
 1965.0000, -139.3404,   13.0746,    1.0000,    2.0000
 1966.0000, -144.6737,   10.1506,    1.0000,    2.0000
 1967.0000, -117.4237,   17.1401,    1.0000,    2.0000
 1968.0000, -133.8177,   23.6228,    1.0000,    2.0000
 1969.0000, -139.0904,   23.2062,    1.0000,    2.0000
 1970.0000,  -89.5904,   17.8452,    1.0000,    2.0000
 1971.0000,  -75.2722,   19.4239,    1.0000,    2.0000
 1972.0000,  -54.9237,   20.1501,    1.0000,    2.0000
 1973.0000,  -26.9793,   16.5846,    1.0000,    2.0000
 1974.0000,  -76.5904,   19.4677,    1.0000,    2.0000
 1975.0000, -101.4540,   17.0033,    1.0000,    2.0000
 1976.0000,  -89.6358,   19.5767,    1.0000,    2.0000
 1977.0000, -121.0904,   31.6043,    1.0000,    2.0000
 1978.0000,  -92.6618,   20.3789,    1.0000,    2.0000
 1979.0000,  -77.3631,   18.6557,    1.0000,    2.0000
 1980.0000, -101.9237,   17.5162,    1.0000,    2.0000
 1981.0000, -138.0070,   23.3373,    1.0000,    2.0000
 1982.0000, -106.9237,   26.8723,    1.0000,    2.0000
 1983.0000,  -37.9237,   17.0908,    1.0000,    2.0000
 1984.0000,  -17.4237,   17.8960,    1.0000,    2.0000
 1985.0000,  -72.3404,   21.3119,    1.0000,    2.0000
 1986.0000,  -53.5070,   24.2296,    1.0000,    2.0000
 1987.0000,  -35.2570,   15.5429,    1.0000,    2.0000
 1988.0000,  -57.4237,   21.2005,    1.0000,    2.0000
 1989.0000,  -89.5449,   15.2317,    1.0000,    2.0000
 1990.0000,  -98.9237,   25.3163,    1.0000,    2.0000
 1991.0000,  -61.9237,   17.7658,    1.0000,    2.0000
 1992.0000,  -55.5904,   14.4681,    1.0000,    2.0000
 1993.0000,  -15.6737,   13.0211,    1.0000,    2.0000
 1994.0000,  -13.9793,   17.8391,    1.0000,    2.0000
 1995.0000,  -57.8404,   18.2750,    1.0000,    2.0000
 1996.0000,   -1.1904,   16.2545,    1.0000,    2.0000
 1997.0000,   27.0914,   23.3751,    1.0000,    2.0000
 1998.0000,   59.4930,   16.7992,    1.0000,    2.0000
 1999.0000,   -2.5904,   16.5913,    1.0000,    2.0000
 2000.0000,  -32.9995,   25.2974,    1.0000,    2.0000
 2001.0000,   -6.9237,   22.5994,    1.0000,    2.0000
 2002.0000,  -32.1737,   21.0259,    1.0000,    2.0000
 2003.0000,    4.3263,   25.9440,    1.0000,    2.0000
 2004.0000,   -8.2570,   24.0497,    1.0000,    2.0000
 2005.0000,   79.0763,   16.5365,    1.0000,    2.0000
 2006.0000,   44.1596,   22.2352,    1.0000,    2.0000
 2007.0000,   13.5763,   34.7362,    1.0000,    2.0000
 2008.0000,   36.9096,   19.7734,    1.0000,    2.0000
 2009.0000,   24.5096,   27.6272,    1.0000,    2.0000
 2010.0000,  125.9096,   18.8208,    1.0000,    2.0000
 2011.0000,   98.2430,   21.0648,    1.0000,    2.0000
 2012.0000,   88.3263,   27.2530,    1.0000,    2.0000
 2013.0000,   70.0207,   24.6839,    1.0000,    2.0000
 2014.0000,   65.2430,   26.2825,    1.0000,    2.0000
 2015.0000,   46.9930,   28.5040,    1.0000,    2.0000
 2016.0000,   86.1596,   13.5944,    1.0000,    2.0000
 2017.0000,   77.4096,   25.6809,    1.0000,    2.0000
 2018.0000,   88.5763,   30.2192,    1.0000,    2.0000
 2019.0000,  119.6596,   22.7096,    1.0000,    2.0000
 2020.0000,  142.9096,   20.3210,    1.0000,    2.0000
 2021.0000,  111.7430,   19.1198,    1.0000,    2.0000
 1893.0000, -328.9494,   36.6965,    2.0000,    3.0000
 1894.0000, -295.1161,   19.9793,    2.0000,    3.0000
 1895.0000, -335.4494,   25.6635,    2.0000,    3.0000
 1896.0000, -310.7827,   22.3153,    2.0000,    3.0000
 1897.0000, -281.1994,   19.5964,    2.0000,    3.0000
 1898.0000, -256.2827,   24.1165,    2.0000,    3.0000
 1899.0000, -284.2827,   20.9412,    2.0000,    3.0000
 1900.0000, -303.8661,   28.6767,    2.0000,    3.0000
 1901.0000, -270.4494,   32.0296,    2.0000,    3.0000
 1902.0000, -248.8661,   18.2682,    2.0000,    3.0000
 1903.0000, -231.6161,   31.2481,    2.0000,    3.0000
 1904.0000, -280.9494,   31.8664,    2.0000,    3.0000
 1905.0000, -312.7827,   20.7468,    2.0000,    3.0000
 1906.0000, -292.6161,   19.5394,    2.0000,    3.0000
 1907.0000, -283.9494,   25.0255,    2.0000,    3.0000
 1908.0000, -309.1161,   20.8218,    2.0000,    3.0000
 1909.0000, -274.7827,   26.4496,    2.0000,    3.0000
 1910.0000, -242.6994,   17.3899,    2.0000,    3.0000
 1911.0000, -259.2827,   19.3127,    2.0000,    3.0000
 1912.0000, -295.1161,   28.6806,    2.0000,    3.0000
 1913.0000, -314.0327,   27.3143,    2.0000,    3.0000
 1914.0000, -263.7827,   19.5959,    2.0000,    3.0000
 1915.0000, -253.1161,   13.1145,    2.0000,    3.0000
 1916.0000, -239.2827,   22.7753,    2.0000,    3.0000
 1917.0000, -268.8661,   25.4254,    2.0000,    3.0000
 1918.0000, -243.2827,   16.7463,    2.0000,    3.0000
 1919.0000, -238.6161,   16.9431,    2.0000,    3.0000
 1920.0000, -210.0327,   27.5988,    2.0000,    3.0000
 1921.0000, -195.2827,   17.7731,    2.0000,    3.0000
 1922.0000, -241.6161,   19.9638,    2.0000,    3.0000
 1923.0000, -239.6994,   14.7683,    2.0000,    3.0000
 1924.0000, -214.9494,   19.9947,    2.0000,    3.0000
 1925.0000, -253.4494,   19.5918,    2.0000,    3.0000
 1926.0000, -278.6161,   21.0320,    2.0000,    3.0000
 1927.0000, -231.4494,   20.7426,    2.0000,    3.0000
 1928.0000, -249.6161,   24.9900,    2.0000,    3.0000
 1929.0000, -257.1161,   30.4027,    2.0000,    3.0000
 1930.0000, -275.6994,   16.0297,    2.0000,    3.0000
 1931.0000, -229.6994,   22.4111,    2.0000,    3.0000
 1932.0000, -237.6161,   21.3066,    2.0000,    3.0000
 1933.0000, -203.1994,   20.7654,    2.0000,    3.0000
 1934.0000, -225.7827,   29.6454,    2.0000,    3.0000
 1935.0000, -224.3661,   23.3231,    2.0000,    3.0000
 1936.0000, -201.1161,   22.9714,    2.0000,    3.0000
 1937.0000, -196.1161,   19.5218,    2.0000,    3.0000
 1938.0000, -182.8661,   10.8586,    2.0000,    3.0000
 1939.0000, -168.8661,   17.6109,    2.0000,    3.0000
 1940.0000, -168.2827,   24.1029,    2.0000,    3.0000
 1941.0000, -182.1994,   19.6403,    2.0000,    3.0000
 1942.0000, -183.4494,   18.1511,    2.0000,    3.0000
 1943.0000, -173.1161,   23.1895,    2.0000,    3.0000
 1944.0000, -168.1161,   24.8415,    2.0000,    3.0000
 1945.0000, -153.6161,   26.2525,    2.0000,    3.0000
 1946.0000, -125.9494,   19.1836,    2.0000,    3.0000
 1947.0000, -157.4494,   26.2235,    2.0000,    3.0000
 1948.0000, -137.2827,   24.2104,    2.0000,    3.0000
 1949.0000, -126.9494,   16.3086,    2.0000,    3.0000
 1950.0000, -192.0327,   26.4410,    2.0000,    3.0000
 1951.0000, -120.1994,   18.5054,    2.0000,    3.0000
 1952.0000, -127.2827,   15.8778,    2.0000,    3.0000
 1953.0000, -122.6994,   16.2136,    2.0000,    3.0000
 1954.0000, -136.8661,   21.7561,    2.0000,    3.0000
 1955.0000, -142.6161,   20.3623,    2.0000,    3.0000
 1956.0000, -114.1161,   22.5408,    2.0000,    3.0000
 1957.0000, -122.7827,   24.2587,    2.0000,    3.0000
 1958.0000, -102.3661,   18.8036,    2.0000,    3.0000
 1959.0000, -140.9494,   29.3188,    2.0000,    3.0000
 1960.0000, -100.6161,   13.1956,    2.0000,    3.0000
 1961.0000,  -90.6161,   22.2623,    2.0000,    3.0000
 1962.0000, -108.3661,   25.6327,    2.0000,    3.0000
 1963.0000, -119.5327,   25.0259,    2.0000,    3.0000
 1964.0000, -145.6161,   17.5922,    2.0000,    3.0000
 1965.0000,  -91.9494,   18.0535,    2.0000,    3.0000
 1966.0000, -124.3661,   17.0324,    2.0000,    3.0000
 1967.0000,  -64.2827,   16.0501,    2.0000,    3.0000
 1968.0000,  -97.8661,   21.2533,    2.0000,    3.0000
 1969.0000, -113.8661,   22.4101,    2.0000,    3.0000
 1970.0000,  -69.5327,   18.6090,    2.0000,    3.0000
 1971.0000,  -70.2827,   19.6400,    2.0000,    3.0000
 1972.0000,  -62.6994,   24.0752,    2.0000,    3.0000
 1973.0000,  -18.9646,   14.1485,    2.0000,    3.0000
 1974.0000,  -81.9827,   19.2794,    2.0000,    3.0000
 1975.0000, -131.1827,   24.7509,    2.0000,    3.0000
 1976.0000,  -90.9646,   22.0018,    2.0000,    3.0000
 1977.0000,  -74.7827,   30.2627,    2.0000,    3.0000
 1978.0000,  -32.0050,   19.9337,    2.0000,    3.0000
 1979.0000,  -61.3282,   21.1595,    2.0000,    3.0000
 1980.0000,  -93.5327,   18.8882,    2.0000,    3.0000
 1981.0000, -134.4494,   25.6150,    2.0000,    3.0000
 1982.0000,  -93.1161,   25.2953,    2.0000,    3.0000
 1983.0000,  -33.0327,   17.8178,    2.0000,    3.0000
 1984.0000,  -13.4494,   17.8311,    2.0000,    3.0000
 1985.0000,  -75.1994,   23.8279,    2.0000,    3.0000
 1986.0000,  -50.5327,   22.7196,    2.0000,    3.0000
 1987.0000,  -35.5327,   16.9362,    2.0000,    3.0000
 1988.0000,  -53.1161,   21.9027,    2.0000,    3.0000
 1989.0000,  -95.4494,   17.1291,    2.0000,    3.0000
 1990.0000,  -92.6161,   23.9635,    2.0000,    3.0000
 1991.0000,  -44.1161,   17.3903,    2.0000,    3.0000
 1992.0000,  -36.7827,   14.2483,    2.0000,    3.0000
 1993.0000,  -12.2272,   18.6661,    2.0000,    3.0000
 1994.0000,  -19.8827,   14.8401,    2.0000,    3.0000
 1995.0000,  -59.6994,   19.4452,    2.0000,    3.0000
 1996.0000,   -0.4494,   15.9628,    2.0000,    3.0000
 1997.0000,   48.2173,   23.3118,    2.0000,    3.0000
 1998.0000,   85.0506,   18.2957,    2.0000,    3.0000
 1999.0000,  -10.2827,   17.5236,    2.0000,    3.0000
 2000.0000,  -20.8661,   26.5953,    2.0000,    3.0000
 2001.0000,   30.2173,   16.6967,    2.0000,    3.0000
 2002.0000,  -45.8661,   20.8415,    2.0000,    3.0000
 2003.0000,  -13.5327,   26.7611,    2.0000,    3.0000
 2004.0000,  -21.6161,   23.5038,    2.0000,    3.0000
 2005.0000,   56.5506,   17.1567,    2.0000,    3.0000
 2006.0000,   22.1339,   23.5742,    2.0000,    3.0000
 2007.0000,   -6.8661,   37.6848,    2.0000,    3.0000
 2008.0000,   28.4673,   19.7252,    2.0000,    3.0000
 2009.0000,   21.5506,   26.9143,    2.0000,    3.0000
 2010.0000,  106.8839,   19.1432,    2.0000,    3.0000
 2011.0000,   81.8839,   21.6629,    2.0000,    3.0000
 2012.0000,   78.2173,   27.1470,    2.0000,    3.0000
 2013.0000,   58.7173,   22.0978,    2.0000,    3.0000
 2014.0000,   35.7173,   26.3377,    2.0000,    3.0000
 2015.0000,   21.6339,   29.6164,    2.0000,    3.0000
 2016.0000,   66.3006,   16.5468,    2.0000,    3.0000
 2017.0000,   44.8006,   26.7609,    2.0000,    3.0000
 2018.0000,   68.3839,   29.8640,    2.0000,    3.0000
 2019.0000,   93.8839,   25.6077,    2.0000,    3.0000
 2020.0000,  123.3006,   20.9628,    2.0000,    3.0000
 2021.0000,   93.7173,   19.7204,    2.0000,    3.0000
 1948.0000, -167.6181,   25.0048,    2.0000,    4.0000
 1949.0000, -133.7015,   14.9087,    2.0000,    4.0000
 1950.0000, -199.9515,   21.4248,    2.0000,    4.0000
 1951.0000, -140.7848,   14.8270,    2.0000,    4.0000
 1952.0000, -126.7015,   11.6472,    2.0000,    4.0000
 1953.0000, -116.7015,    9.4451,    2.0000,    4.0000
 1954.0000, -137.6181,   15.1754,    2.0000,    4.0000
 1955.0000, -129.4515,   14.8780,    2.0000,    4.0000
 1956.0000, -111.5348,   17.3857,    2.0000,    4.0000
 1957.0000, -123.8681,   18.2929,    2.0000,    4.0000
 1958.0000,  -76.7318,   15.4386,    2.0000,    4.0000
 1959.0000, -110.2253,   28.3149,    2.0000,    4.0000
 1960.0000, -107.3681,    9.3851,    2.0000,    4.0000
 1961.0000,  -86.5499,   12.3428,    2.0000,    4.0000
 1962.0000, -114.5499,   17.8542,    2.0000,    4.0000
 1963.0000, -119.9515,   19.2142,    2.0000,    4.0000
 1964.0000, -149.6181,   15.9618,    2.0000,    4.0000
 1965.0000, -137.1681,    8.9396,    2.0000,    4.0000
 1966.0000, -135.8126,    7.0608,    2.0000,    4.0000
 1967.0000, -106.3681,   12.3769,    2.0000,    4.0000
 1968.0000, -104.5348,   17.1228,    2.0000,    4.0000
 1969.0000,  -93.8681,   10.2988,    2.0000,    4.0000
 1970.0000,  -90.3681,   15.6467,    2.0000,    4.0000
 1971.0000,  -51.5681,    5.7369,    2.0000,    4.0000
 1972.0000,  -87.2015,   23.4762,    2.0000,    4.0000
 1973.0000,  -43.1681,    5.7578,    2.0000,    4.0000
 1974.0000,  -74.2772,   15.8033,    2.0000,    4.0000
 1975.0000, -120.0348,   15.1926,    2.0000,    4.0000
 1976.0000,  -74.8681,   11.5641,    2.0000,    4.0000
 1977.0000, -118.7431,   31.8217,    2.0000,    4.0000
 1978.0000,  -84.8681,   11.5605,    2.0000,    4.0000
 1979.0000,  -89.0954,   15.4407,    2.0000,    4.0000
 1980.0000, -113.6181,   12.7285,    2.0000,    4.0000
 1981.0000, -132.3681,   17.8185,    2.0000,    4.0000
 1982.0000, -101.7848,   22.1781,    2.0000,    4.0000
 1983.0000,  -53.1181,   11.1835,    2.0000,    4.0000
 1984.0000,  -35.1181,   13.8990,    2.0000,    4.0000
 1985.0000,  -65.6181,   17.3013,    2.0000,    4.0000
 1986.0000,  -58.9515,   21.3042,    2.0000,    4.0000
 1987.0000,  -50.2848,   11.9213,    2.0000,    4.0000
 1988.0000,  -62.8681,   17.7387,    2.0000,    4.0000
 1989.0000, -102.8681,   13.9251,    2.0000,    4.0000
 1990.0000,  -91.3681,   19.7906,    2.0000,    4.0000
 1991.0000,  -71.5348,   15.0526,    2.0000,    4.0000
 1992.0000,  -46.3681,   10.1944,    2.0000,    4.0000
 1993.0000,  -36.4931,   10.6352,    2.0000,    4.0000
 1994.0000,  -34.2431,   17.9752,    2.0000,    4.0000
 1995.0000,  -52.7681,   15.8746,    2.0000,    4.0000
 1996.0000,   -6.5348,   10.5243,    2.0000,    4.0000
 1997.0000,   33.2985,   16.9756,    2.0000,    4.0000
 1998.0000,   43.7152,   11.1314,    2.0000,    4.0000
 1999.0000,   -3.1181,   13.2209,    2.0000,    4.0000
 2000.0000,    1.1874,   13.0110,    2.0000,    4.0000
 2001.0000,   13.6319,   27.8478,    2.0000,    4.0000
 2002.0000,  -72.5348,   20.4415,    2.0000,    4.0000
 2003.0000,  -12.8681,   20.0961,    2.0000,    4.0000
 2004.0000,   15.9176,   16.8991,    2.0000,    4.0000
 2005.0000,   56.2682,   12.9016,    2.0000,    4.0000
 2006.0000,   91.6319,    0.0000,    2.0000,    4.0000
 2007.0000,   22.2985,   25.7998,    2.0000,    4.0000
 2008.0000,   24.5485,   16.8009,    2.0000,    4.0000
 2009.0000,   33.9652,   18.2496,    2.0000,    4.0000
 2010.0000,  108.2152,   12.0026,    2.0000,    4.0000
 2011.0000,   81.8541,   19.7945,    2.0000,    4.0000
 2012.0000,   79.1319,   20.3058,    2.0000,    4.0000
 2013.0000,   77.7985,   17.5783,    2.0000,    4.0000
 2014.0000,   49.6319,   20.8854,    2.0000,    4.0000
 2015.0000,   29.1319,   23.7813,    2.0000,    4.0000
 2016.0000,   73.7985,   11.4721,    2.0000,    4.0000
 2017.0000,   70.0864,   20.6619,    2.0000,    4.0000
 2018.0000,   90.9046,   26.6806,    2.0000,    4.0000
 2019.0000,  100.1319,   19.6545,    2.0000,    4.0000
 2020.0000,  126.2985,   17.2475,    2.0000,    4.0000
 2021.0000,   95.4652,   16.7269,    2.0000,    4.0000
 1912.0000, -171.7136,   25.0171,    3.0000,    5.0000
 1913.0000, -141.1302,   19.5172,    3.0000,    5.0000
 1914.0000, -137.6302,   12.0649,    3.0000,    5.0000
 1915.0000, -119.7136,   10.3117,    3.0000,    5.0000
 1916.0000,  -99.4636,   10.9959,    3.0000,    5.0000
 1917.0000, -125.9636,   12.0470,    3.0000,    5.0000
 1918.0000, -115.9636,    8.7190,    3.0000,    5.0000
 1919.0000, -111.3802,    8.3056,    3.0000,    5.0000
 1920.0000,  -95.6302,   16.4640,    3.0000,    5.0000
 1921.0000,  -97.0469,   10.8279,    3.0000,    5.0000
 1922.0000, -148.7969,   14.8811,    3.0000,    5.0000
 1923.0000, -128.1302,    7.3838,    3.0000,    5.0000
 1924.0000, -138.7136,   13.8744,    3.0000,    5.0000
 1925.0000, -155.4636,    9.3061,    3.0000,    5.0000
 1926.0000, -175.2969,   11.2707,    3.0000,    5.0000
 1927.0000, -143.8802,   10.9305,    3.0000,    5.0000
 1928.0000, -141.8802,   13.6892,    3.0000,    5.0000
 1929.0000, -147.1302,   16.5942,    3.0000,    5.0000
 1930.0000, -179.5469,    9.5131,    3.0000,    5.0000
 1931.0000, -132.3802,   17.0297,    3.0000,    5.0000
 1932.0000, -143.1302,   10.7124,    3.0000,    5.0000
 1933.0000,  -98.9636,   10.2919,    3.0000,    5.0000
 1934.0000, -141.3802,   16.7858,    3.0000,    5.0000
 1935.0000, -124.0469,   13.2568,    3.0000,    5.0000
 1936.0000, -112.1302,    6.6431,    3.0000,    5.0000
 1937.0000, -117.7969,   14.4290,    3.0000,    5.0000
 1938.0000, -110.5469,    7.1034,    3.0000,    5.0000
 1939.0000, -125.4636,   11.7233,    3.0000,    5.0000
 1940.0000,  -92.7136,   11.5343,    3.0000,    5.0000
 1941.0000, -106.7969,    7.2006,    3.0000,    5.0000
 1942.0000,  -98.0469,    9.8802,    3.0000,    5.0000
 1943.0000, -125.2969,   13.8675,    3.0000,    5.0000
 1944.0000,  -98.7136,   16.4286,    3.0000,    5.0000
 1945.0000,  -77.8802,   13.5331,    3.0000,    5.0000
 1946.0000,  -63.8802,    8.9879,    3.0000,    5.0000
 1947.0000,  -32.1302,   11.2635,    3.0000,    5.0000
 1948.0000,  -53.1302,   13.9102,    3.0000,    5.0000
 1949.0000,  -51.7136,   10.9765,    3.0000,    5.0000
 1950.0000, -110.7136,   15.2223,    3.0000,    5.0000
 1951.0000,  -44.2136,   13.4522,    3.0000,    5.0000
 1952.0000,  -33.1302,    8.6686,    3.0000,    5.0000
 1953.0000,  -43.4636,   11.0419,    3.0000,    5.0000
 1954.0000,  -43.4636,   12.5529,    3.0000,    5.0000
 1955.0000,  -32.7969,    9.6149,    3.0000,    5.0000
 1956.0000,  -47.1302,   12.2273,    3.0000,    5.0000
 1957.0000,  -68.2136,   14.1556,    3.0000,    5.0000
 1958.0000,  -24.5469,   13.5108,    3.0000,    5.0000
 1959.0000,  -58.5469,   13.9821,    3.0000,    5.0000
 1960.0000,  -29.7969,   13.1820,    3.0000,    5.0000
 1961.0000,  -58.5469,   12.5503,    3.0000,    5.0000
 1962.0000,  -57.0469,   12.7946,    3.0000,    5.0000
 1963.0000,  -67.4636,   14.8078,    3.0000,    5.0000
 1964.0000,  -87.3802,   13.7401,    3.0000,    5.0000
 1965.0000,  -73.2969,    6.6334,    3.0000,    5.0000
 1966.0000,  -64.3802,    7.9380,    3.0000,    5.0000
 1967.0000,  -65.4636,   12.6125,    3.0000,    5.0000
 1968.0000,  -68.1302,   14.7951,    3.0000,    5.0000
 1969.0000,    0.2864,   13.6879,    3.0000,    5.0000
 1970.0000,   12.6198,    8.1478,    3.0000,    5.0000
 1971.0000,   51.6198,   10.0304,    3.0000,    5.0000
 1972.0000,    6.5364,   12.4607,    3.0000,    5.0000
 1973.0000,  -21.8802,   13.4316,    3.0000,    5.0000
 1974.0000,  -57.2969,   14.1907,    3.0000,    5.0000
 1975.0000,  -48.3802,   10.5111,    3.0000,    5.0000
 1976.0000,    7.4531,   10.2815,    3.0000,    5.0000
 1977.0000,   35.3420,   16.5749,    3.0000,    5.0000
 1978.0000,   40.1804,   10.7573,    3.0000,    5.0000
 1979.0000,    8.0364,    9.6397,    3.0000,    5.0000
 1980.0000,  -17.3802,   13.7274,    3.0000,    5.0000
 1981.0000,  -18.4636,   14.3035,    3.0000,    5.0000
 1982.0000,  -21.4636,   18.1848,    3.0000,    5.0000
 1983.0000,    2.6198,   13.5261,    3.0000,    5.0000
 1984.0000,   14.1198,   14.3819,    3.0000,    5.0000
 1985.0000,  -20.4636,   11.3195,    3.0000,    5.0000
 1986.0000,  -26.7136,   13.4484,    3.0000,    5.0000
 1987.0000,  -12.6302,   12.1521,    3.0000,    5.0000
 1988.0000,  -19.0469,   15.2596,    3.0000,    5.0000
 1989.0000,  -52.3802,   14.1175,    3.0000,    5.0000
 1990.0000,  -60.0469,   15.5958,    3.0000,    5.0000
 1991.0000,   -9.2469,   13.0607,    3.0000,    5.0000
 1992.0000,    4.4531,    6.2959,    3.0000,    5.0000
 1993.0000,  -20.3802,   11.8297,    3.0000,    5.0000
 1994.0000,  -34.9636,   17.1057,    3.0000,    5.0000
 1995.0000,  -34.6302,    8.7919,    3.0000,    5.0000
 1996.0000,   10.3698,    8.9872,    3.0000,    5.0000
 1997.0000,   37.7864,   12.1022,    3.0000,    5.0000
 1998.0000,   44.2864,    9.4559,    3.0000,    5.0000
 1999.0000,  -11.3802,   11.2896,    3.0000,    5.0000
 2000.0000,  -16.4560,   14.5837,    3.0000,    5.0000
 2001.0000,  -19.5469,   11.9826,    3.0000,    5.0000
 2002.0000,  -30.1302,   11.3269,    3.0000,    5.0000
 2003.0000,  -21.9636,   13.3539,    3.0000,    5.0000
 2004.0000,   -8.7969,   10.7942,    3.0000,    5.0000
 2005.0000,   64.2031,   12.2990,    3.0000,    5.0000
 2006.0000,   35.0364,    9.8061,    3.0000,    5.0000
 2007.0000,   10.7864,   17.6416,    3.0000,    5.0000
 2008.0000,  -23.7969,   14.5130,    3.0000,    5.0000
 2009.0000,   24.3698,   13.6516,    3.0000,    5.0000
 2010.0000,  115.7864,   12.5750,    3.0000,    5.0000
 2011.0000,   95.8698,   11.1831,    3.0000,    5.0000
 2012.0000,   61.9531,   17.8619,    3.0000,    5.0000
 2013.0000,   85.4531,   13.7417,    3.0000,    5.0000
 2014.0000,   45.4531,   13.1846,    3.0000,    5.0000
 2015.0000,   14.8698,   17.3835,    3.0000,    5.0000
 2016.0000,   16.1198,    7.2153,    3.0000,    5.0000
 2017.0000,   60.0364,   13.8682,    3.0000,    5.0000
 2018.0000,   55.1198,   20.7319,    3.0000,    5.0000
 2019.0000,   66.0364,   13.4874,    3.0000,    5.0000
 2020.0000,   88.6198,   11.3919,    3.0000,    5.0000
 2021.0000,   55.8698,   13.6303,    3.0000,    5.0000
 1948.0000, -114.8085,   15.2159,    3.0000,    6.0000
 1949.0000, -112.9085,    9.9160,    3.0000,    6.0000
 1950.0000, -162.2418,   13.9447,    3.0000,    6.0000
 1951.0000, -108.6585,   11.4523,    3.0000,    6.0000
 1952.0000,  -86.0752,    7.9733,    3.0000,    6.0000
 1953.0000,  -92.1585,    9.4297,    3.0000,    6.0000
 1954.0000,  -93.8252,    7.5787,    3.0000,    6.0000
 1955.0000,  -82.4918,    9.1632,    3.0000,    6.0000
 1956.0000, -105.5752,   11.4132,    3.0000,    6.0000
 1957.0000, -105.4085,   10.2130,    3.0000,    6.0000
 1958.0000,  -61.4918,   15.4652,    3.0000,    6.0000
 1959.0000,  -97.5752,   10.6326,    3.0000,    6.0000
 1960.0000,  -63.2418,   12.9742,    3.0000,    6.0000
 1961.0000,  -65.3085,   10.8291,    3.0000,    6.0000
 1962.0000,  -90.2267,   10.3075,    3.0000,    6.0000
 1963.0000,  -57.9085,   12.7244,    3.0000,    6.0000
 1964.0000,  -80.7418,   12.5678,    3.0000,    6.0000
 1965.0000,  -65.2418,    9.9344,    3.0000,    6.0000
 1966.0000,  -20.3252,   10.8975,    3.0000,    6.0000
 1967.0000,  -23.5752,   11.2372,    3.0000,    6.0000
 1968.0000,  -46.5196,   13.2446,    3.0000,    6.0000
 1969.0000,  -58.6585,    8.8664,    3.0000,    6.0000
 1970.0000,  -34.6585,    7.3183,    3.0000,    6.0000
 1971.0000,  -17.0752,    9.1677,    3.0000,    6.0000
 1972.0000,  -38.2085,   11.9890,    3.0000,    6.0000
 1973.0000,  -67.7418,   17.5422,    3.0000,    6.0000
 1974.0000,  -56.9085,    7.1312,    3.0000,    6.0000
 1975.0000,  -64.7418,    9.5861,    3.0000,    6.0000
 1976.0000,  -12.4085,   11.8415,    3.0000,    6.0000
 1978.0000,   -0.4085,   14.7817,    3.0000,    6.0000
 1979.0000,  -16.6585,    7.4069,    3.0000,    6.0000
 1980.0000,  -39.9085,   16.4987,    3.0000,    6.0000
 1981.0000,  -27.0752,   24.0874,    3.0000,    6.0000
 1982.0000,  -38.6585,   14.6241,    3.0000,    6.0000
 1983.0000,  -19.3252,   11.0034,    3.0000,    6.0000
 1984.0000,    0.5082,   14.0507,    3.0000,    6.0000
 1985.0000,  -17.8252,    9.4769,    3.0000,    6.0000
 1986.0000,  -29.4994,    9.1728,    3.0000,    6.0000
 1987.0000,  -16.3252,    8.4963,    3.0000,    6.0000
 1988.0000,  -20.4918,   13.6145,    3.0000,    6.0000
 1989.0000,  -59.1585,   11.0969,    3.0000,    6.0000
 1990.0000,  -73.5752,   12.8808,    3.0000,    6.0000
 1991.0000,  -14.5196,    8.5179,    3.0000,    6.0000
 1992.0000,    0.7582,    7.7727,    3.0000,    6.0000
 1993.0000,   -7.9918,   12.5053,    3.0000,    6.0000
 1994.0000,  -25.9085,   14.9812,    3.0000,    6.0000
 1995.0000,  -24.4085,    7.5471,    3.0000,    6.0000
 1996.0000,   10.2165,   10.1857,    3.0000,    6.0000
 1997.0000,   27.5915,    9.8367,    3.0000,    6.0000
 1998.0000,   20.7582,    6.7676,    3.0000,    6.0000
 2000.0000,   -4.2085,   11.1943,    3.0000,    6.0000
 2001.0000,   -1.4085,    2.8284,    3.0000,    6.0000
 2002.0000,  -23.5196,   12.2489,    3.0000,    6.0000
 2003.0000,  -12.4918,   11.0167,    3.0000,    6.0000
 2004.0000,  -18.6585,   10.3562,    3.0000,    6.0000
 2005.0000,   22.7582,   10.6705,    3.0000,    6.0000
 2006.0000,   22.5082,    9.4004,    3.0000,    6.0000
 2007.0000,    7.3415,   15.0047,    3.0000,    6.0000
 2008.0000,    6.5082,   12.3612,    3.0000,    6.0000
 2009.0000,   14.6748,   11.5869,    3.0000,    6.0000
 2010.0000,   78.3415,    9.9541,    3.0000,    6.0000
 2011.0000,   77.8415,    9.9862,    3.0000,    6.0000
 2012.0000,   56.2582,   14.6891,    3.0000,    6.0000
 2013.0000,   57.5082,   12.4919,    3.0000,    6.0000
 2014.0000,   36.3415,   12.0808,    3.0000,    6.0000
 2015.0000,   11.8915,   16.6385,    3.0000,    6.0000
 2016.0000,   51.9248,    7.1805,    3.0000,    6.0000
 2017.0000,   72.4248,   11.5631,    3.0000,    6.0000
 2018.0000,   46.9248,   19.4016,    3.0000,    6.0000
 2019.0000,   59.5006,   11.0412,    3.0000,    6.0000
 2020.0000,   89.9248,    9.4863,    3.0000,    6.0000
 2021.0000,   62.2582,   11.4669,    3.0000,    6.0000
